PrecursorMz	ProductMz	Tr_recalibrated	transition_name	CE	LibraryIntensity	transition_group_id	decoy	PeptideSequence	ProteinName	Annotation	ModifiedPeptide	PrecursorCharge	PeptideGroupLabel	UniprotID	FragmentType	FragmentCharge	FragmentSeriesNumber	LabelType
726.8357137	1066.484002	55	47_ADVTPADFSEWSK_2	-1	10000	5_ADVTPADFSEWSK_2	0	ADVTPADFSEWSK	1/iRT|iRT_Biognosys|iRT_Biognosys	y9/0.000	ADVTPADFSEWSK	2	5_ADVTPADFSEWSK_2	1/iRT|iRT_Biognosys|iRT_Biognosys	y	1	9	light
726.8357137	387.1874257	55	38_ADVTPADFSEWSK_2	-1	4028.5	5_ADVTPADFSEWSK_2	0	ADVTPADFSEWSK	1/iRT|iRT_Biognosys|iRT_Biognosys	"b4/-0.001,b8-44^2/-0.009"	ADVTPADFSEWSK	2	5_ADVTPADFSEWSK_2	1/iRT|iRT_Biognosys|iRT_Biognosys	b	1	4	light
726.8357137	533.7456391	55	40_ADVTPADFSEWSK_2	-1	2188.9	5_ADVTPADFSEWSK_2	0	ADVTPADFSEWSK	1/iRT|iRT_Biognosys|iRT_Biognosys	y9^2/0.001	ADVTPADFSEWSK	2	5_ADVTPADFSEWSK_2	1/iRT|iRT_Biognosys|iRT_Biognosys	y	2	9	light
726.8357137	1167.53168	55	48_ADVTPADFSEWSK_2	-1	1179.2	5_ADVTPADFSEWSK_2	0	ADVTPADFSEWSK	1/iRT|iRT_Biognosys|iRT_Biognosys	y10/-0.007	ADVTPADFSEWSK	2	5_ADVTPADFSEWSK_2	1/iRT|iRT_Biognosys|iRT_Biognosys	y	1	10	light
726.8357137	420.2241456	55	39_ADVTPADFSEWSK_2	-1	1139.9	5_ADVTPADFSEWSK_2	0	ADVTPADFSEWSK	1/iRT|iRT_Biognosys|iRT_Biognosys	y3/0.001	ADVTPADFSEWSK	2	5_ADVTPADFSEWSK_2	1/iRT|iRT_Biognosys|iRT_Biognosys	y	1	3	light
726.8357137	969.4312378	55	46_ADVTPADFSEWSK_2	-1	1035.3	5_ADVTPADFSEWSK_2	0	ADVTPADFSEWSK	1/iRT|iRT_Biognosys|iRT_Biognosys	y8/0.005	ADVTPADFSEWSK	2	5_ADVTPADFSEWSK_2	1/iRT|iRT_Biognosys|iRT_Biognosys	y	1	8	light
699.3384236	855.4359293	43.2	2404_DGLDAASYYAPVR_2	-1	10000	225_DGLDAASYYAPVR_2	0	DGLDAASYYAPVR	1/iRT|iRT_Biognosys|iRT_Biognosys	y7/-0.002	DGLDAASYYAPVR	2	225_DGLDAASYYAPVR_2	1/iRT|iRT_Biognosys|iRT_Biognosys	y	1	7	light
699.3384236	926.4730431	43.2	2406_DGLDAASYYAPVR_2	-1	7385.3	225_DGLDAASYYAPVR_2	0	DGLDAASYYAPVR	1/iRT|iRT_Biognosys|iRT_Biognosys	y8/0.002	DGLDAASYYAPVR	2	225_DGLDAASYYAPVR_2	1/iRT|iRT_Biognosys|iRT_Biognosys	y	1	8	light
699.3384236	1112.5371	43.2	2413_DGLDAASYYAPVR_2	-1	4685.1	225_DGLDAASYYAPVR_2	0	DGLDAASYYAPVR	1/iRT|iRT_Biognosys|iRT_Biognosys	y10/-0.004	DGLDAASYYAPVR	2	225_DGLDAASYYAPVR_2	1/iRT|iRT_Biognosys|iRT_Biognosys	y	1	10	light
699.3384236	605.3405723	43.2	2398_DGLDAASYYAPVR_2	-1	4603.7	225_DGLDAASYYAPVR_2	0	DGLDAASYYAPVR	1/iRT|iRT_Biognosys|iRT_Biognosys	y5/0.000	DGLDAASYYAPVR	2	225_DGLDAASYYAPVR_2	1/iRT|iRT_Biognosys|iRT_Biognosys	y	1	5	light
699.3384236	371.24013	43.2	2391_DGLDAASYYAPVR_2	-1	4454.2	225_DGLDAASYYAPVR_2	0	DGLDAASYYAPVR	1/iRT|iRT_Biognosys|iRT_Biognosys	y3/-0.001	DGLDAASYYAPVR	2	225_DGLDAASYYAPVR_2	1/iRT|iRT_Biognosys|iRT_Biognosys	y	1	3	light
699.3384236	997.5101569	43.2	2408_DGLDAASYYAPVR_2	-1	4191.5	225_DGLDAASYYAPVR_2	0	DGLDAASYYAPVR	1/iRT|iRT_Biognosys|iRT_Biognosys	y9/-0.007	DGLDAASYYAPVR	2	225_DGLDAASYYAPVR_2	1/iRT|iRT_Biognosys|iRT_Biognosys	y	1	9	light
644.8226063	800.451245	0.5	5414_GAGSSEPVTGLDAK_2	-1	10000	485_GAGSSEPVTGLDAK_2	0	GAGSSEPVTGLDAK	1/iRT|iRT_Biognosys|iRT_Biognosys	y8/0.001	GAGSSEPVTGLDAK	2	485_GAGSSEPVTGLDAK_2	1/iRT|iRT_Biognosys|iRT_Biognosys	y	1	8	light
644.8226063	604.3300672	0.5	5410_GAGSSEPVTGLDAK_2	-1	2489.6	485_GAGSSEPVTGLDAK_2	0	GAGSSEPVTGLDAK	1/iRT|iRT_Biognosys|iRT_Biognosys	y6/0.003	GAGSSEPVTGLDAK	2	485_GAGSSEPVTGLDAK_2	1/iRT|iRT_Biognosys|iRT_Biognosys	y	1	6	light
644.8226063	1016.525866	0.5	5417_GAGSSEPVTGLDAK_2	-1	1876.6	485_GAGSSEPVTGLDAK_2	0	GAGSSEPVTGLDAK	1/iRT|iRT_Biognosys|iRT_Biognosys	y10/-0.002	GAGSSEPVTGLDAK	2	485_GAGSSEPVTGLDAK_2	1/iRT|iRT_Biognosys|iRT_Biognosys	y	1	10	light
644.8226063	503.2823887	0.5	5408_GAGSSEPVTGLDAK_2	-1	1298.1	485_GAGSSEPVTGLDAK_2	0	GAGSSEPVTGLDAK	1/iRT|iRT_Biognosys|iRT_Biognosys	y5/-0.000	GAGSSEPVTGLDAK	2	485_GAGSSEPVTGLDAK_2	1/iRT|iRT_Biognosys|iRT_Biognosys	y	1	5	light
644.8226063	929.4938381	0.5	5415_GAGSSEPVTGLDAK_2	-1	1175.6	485_GAGSSEPVTGLDAK_2	0	GAGSSEPVTGLDAK	1/iRT|iRT_Biognosys|iRT_Biognosys	y9/-0.007	GAGSSEPVTGLDAK	2	485_GAGSSEPVTGLDAK_2	1/iRT|iRT_Biognosys|iRT_Biognosys	y	1	9	light
644.8226063	489.1939677	0.5	5407_GAGSSEPVTGLDAK_2	-1	911.7	485_GAGSSEPVTGLDAK_2	0	GAGSSEPVTGLDAK	1/iRT|iRT_Biognosys|iRT_Biognosys	b6/-0.000	GAGSSEPVTGLDAK	2	485_GAGSSEPVTGLDAK_2	1/iRT|iRT_Biognosys|iRT_Biognosys	b	1	6	light
636.8691626	854.5094286	86.7	7216_GTFIIDPAAVIR_2	-1	4613	645_GTFIIDPAAVIR_2	0	GTFIIDPAAVIR	1/iRT|iRT_Biognosys|iRT_Biognosys	y8/-0.002	GTFIIDPAAVIR	2	645_GTFIIDPAAVIR_2	1/iRT|iRT_Biognosys|iRT_Biognosys	y	1	8	light
636.8691626	741.4253646	86.7	7215_GTFIIDPAAVIR_2	-1	4003.4	645_GTFIIDPAAVIR_2	0	GTFIIDPAAVIR	1/iRT|iRT_Biognosys|iRT_Biognosys	y7/-0.002	GTFIIDPAAVIR	2	645_GTFIIDPAAVIR_2	1/iRT|iRT_Biognosys|iRT_Biognosys	y	1	7	light
636.8691626	419.2288966	86.7	7206_GTFIIDPAAVIR_2	-1	1786.1	645_GTFIIDPAAVIR_2	0	GTFIIDPAAVIR	1/iRT|iRT_Biognosys|iRT_Biognosys	"b4/-0.001,y8-17^2/-0.017"	GTFIIDPAAVIR	2	645_GTFIIDPAAVIR_2	1/iRT|iRT_Biognosys|iRT_Biognosys	b	1	4	light
636.8691626	967.5934926	86.7	7218_GTFIIDPAAVIR_2	-1	1052	645_GTFIIDPAAVIR_2	0	GTFIIDPAAVIR	1/iRT|iRT_Biognosys|iRT_Biognosys	y9/-0.000	GTFIIDPAAVIR	2	645_GTFIIDPAAVIR_2	1/iRT|iRT_Biognosys|iRT_Biognosys	y	1	9	light
636.8691626	532.3129606	86.7	7210_GTFIIDPAAVIR_2	-1	640	645_GTFIIDPAAVIR_2	0	GTFIIDPAAVIR	1/iRT|iRT_Biognosys|iRT_Biognosys	"b5/-0.003,b11-35^2/0.016"	GTFIIDPAAVIR	2	645_GTFIIDPAAVIR_2	1/iRT|iRT_Biognosys|iRT_Biognosys	b	1	5	light
636.8691626	557.8345915	86.7	7211_GTFIIDPAAVIR_2	-1	323.8	645_GTFIIDPAAVIR_2	0	GTFIIDPAAVIR	1/iRT|iRT_Biognosys|iRT_Biognosys	y10^2/0.002	GTFIIDPAAVIR	2	645_GTFIIDPAAVIR_2	1/iRT|iRT_Biognosys|iRT_Biognosys	y	2	10	light
622.8535125	598.3671214	71.4	7229_GTFIIDPGGVIR_2	-1	10000	646_GTFIIDPGGVIR_2	0	GTFIIDPGGVIR	1/iRT|iRT_Biognosys|iRT_Biognosys	y6/-0.001	GTFIIDPGGVIR	2	646_GTFIIDPGGVIR_2	1/iRT|iRT_Biognosys|iRT_Biognosys	y	1	6	light
622.8535125	826.4781284	71.4	7232_GTFIIDPGGVIR_2	-1	3303.8	646_GTFIIDPGGVIR_2	0	GTFIIDPGGVIR	1/iRT|iRT_Biognosys|iRT_Biognosys	y8/-0.003	GTFIIDPGGVIR	2	646_GTFIIDPGGVIR_2	1/iRT|iRT_Biognosys|iRT_Biognosys	y	1	8	light
622.8535125	713.3940645	71.4	7231_GTFIIDPGGVIR_2	-1	2412.7	646_GTFIIDPGGVIR_2	0	GTFIIDPGGVIR	1/iRT|iRT_Biognosys|iRT_Biognosys	y7/-0.002	GTFIIDPGGVIR	2	646_GTFIIDPGGVIR_2	1/iRT|iRT_Biognosys|iRT_Biognosys	y	1	7	light
622.8535125	419.2288966	71.4	7223_GTFIIDPGGVIR_2	-1	1221.5	646_GTFIIDPGGVIR_2	0	GTFIIDPGGVIR	1/iRT|iRT_Biognosys|iRT_Biognosys	b4/0.002	GTFIIDPGGVIR	2	646_GTFIIDPGGVIR_2	1/iRT|iRT_Biognosys|iRT_Biognosys	b	1	4	light
622.8535125	939.5621924	71.4	7233_GTFIIDPGGVIR_2	-1	781.3	646_GTFIIDPGGVIR_2	0	GTFIIDPGGVIR	1/iRT|iRT_Biognosys|iRT_Biognosys	y9/-0.000	GTFIIDPGGVIR	2	646_GTFIIDPGGVIR_2	1/iRT|iRT_Biognosys|iRT_Biognosys	y	1	9	light
622.8535125	532.3129606	71.4	7227_GTFIIDPGGVIR_2	-1	548.3	646_GTFIIDPGGVIR_2	0	GTFIIDPGGVIR	1/iRT|iRT_Biognosys|iRT_Biognosys	b5/-0.001	GTFIIDPGGVIR	2	646_GTFIIDPGGVIR_2	1/iRT|iRT_Biognosys|iRT_Biognosys	b	1	5	light
776.9297515	504.318046	95.6	12287_LFLQFGAQGSPFLK_2	-1	7092.8	1111_LFLQFGAQGSPFLK_2	0	LFLQFGAQGSPFLK	1/iRT|iRT_Biognosys|iRT_Biognosys	y4/-0.001	LFLQFGAQGSPFLK	2	1111_LFLQFGAQGSPFLK_2	1/iRT|iRT_Biognosys|iRT_Biognosys	y	1	4	light
776.9297515	1051.557107	95.6	12297_LFLQFGAQGSPFLK_2	-1	6960.9	1111_LFLQFGAQGSPFLK_2	0	LFLQFGAQGSPFLK	1/iRT|iRT_Biognosys|iRT_Biognosys	y10/-0.008	LFLQFGAQGSPFLK	2	1111_LFLQFGAQGSPFLK_2	1/iRT|iRT_Biognosys|iRT_Biognosys	y	1	10	light
776.9297515	904.4886931	95.6	12295_LFLQFGAQGSPFLK_2	-1	6775.1	1111_LFLQFGAQGSPFLK_2	0	LFLQFGAQGSPFLK	1/iRT|iRT_Biognosys|iRT_Biognosys	y9/-0.002	LFLQFGAQGSPFLK	2	1111_LFLQFGAQGSPFLK_2	1/iRT|iRT_Biognosys|iRT_Biognosys	y	1	9	light
776.9297515	648.3715381	95.6	12291_LFLQFGAQGSPFLK_2	-1	3950.1	1111_LFLQFGAQGSPFLK_2	0	LFLQFGAQGSPFLK	1/iRT|iRT_Biognosys|iRT_Biognosys	y6/0.001	LFLQFGAQGSPFLK	2	1111_LFLQFGAQGSPFLK_2	1/iRT|iRT_Biognosys|iRT_Biognosys	y	1	6	light
776.9297515	1179.615685	95.6	12300_LFLQFGAQGSPFLK_2	-1	2378.4	1111_LFLQFGAQGSPFLK_2	0	LFLQFGAQGSPFLK	1/iRT|iRT_Biognosys|iRT_Biognosys	y11/-0.002	LFLQFGAQGSPFLK	2	1111_LFLQFGAQGSPFLK_2	1/iRT|iRT_Biognosys|iRT_Biognosys	y	1	11	light
776.9297515	389.2183319	95.6	12285_LFLQFGAQGSPFLK_2	-1	2229.9	1111_LFLQFGAQGSPFLK_2	0	LFLQFGAQGSPFLK	1/iRT|iRT_Biognosys|iRT_Biognosys	"b7^2/0.000,m3:5/0.000"	LFLQFGAQGSPFLK	2	1111_LFLQFGAQGSPFLK_2	1/iRT|iRT_Biognosys|iRT_Biognosys	b	2	7	light
487.2567053	860.4220701	-28.1	12313_LGGNEQVTR_2	-1	7067.3	1112_LGGNEQVTR_2	0	LGGNEQVTR	1/iRT|iRT_Biognosys|iRT_Biognosys	y8/-0.001	LGGNEQVTR	2	1112_LGGNEQVTR_2	1/iRT|iRT_Biognosys|iRT_Biognosys	y	1	8	light
487.2567053	803.4006064	-28.1	12312_LGGNEQVTR_2	-1	3212.9	1112_LGGNEQVTR_2	0	LGGNEQVTR	1/iRT|iRT_Biognosys|iRT_Biognosys	y7/-0.001	LGGNEQVTR	2	1112_LGGNEQVTR_2	1/iRT|iRT_Biognosys|iRT_Biognosys	y	1	7	light
487.2567053	503.2936221	-28.1	12306_LGGNEQVTR_2	-1	2640	1112_LGGNEQVTR_2	0	LGGNEQVTR	1/iRT|iRT_Biognosys|iRT_Biognosys	y4/-0.003	LGGNEQVTR	2	1112_LGGNEQVTR_2	1/iRT|iRT_Biognosys|iRT_Biognosys	y	1	4	light
487.2567053	375.2350446	-28.1	12302_LGGNEQVTR_2	-1	1887.5	1112_LGGNEQVTR_2	0	LGGNEQVTR	1/iRT|iRT_Biognosys|iRT_Biognosys	y3/0.001	LGGNEQVTR	2	1112_LGGNEQVTR_2	1/iRT|iRT_Biognosys|iRT_Biognosys	y	1	3	light
487.2567053	632.3362152	-28.1	12308_LGGNEQVTR_2	-1	1681.4	1112_LGGNEQVTR_2	0	LGGNEQVTR	1/iRT|iRT_Biognosys|iRT_Biognosys	y5/-0.000	LGGNEQVTR	2	1112_LGGNEQVTR_2	1/iRT|iRT_Biognosys|iRT_Biognosys	y	1	5	light
487.2567053	746.3791427	-28.1	12310_LGGNEQVTR_2	-1	895.8	1112_LGGNEQVTR_2	0	LGGNEQVTR	1/iRT|iRT_Biognosys|iRT_Biognosys	y6/0.002	LGGNEQVTR	2	1112_LGGNEQVTR_2	1/iRT|iRT_Biognosys|iRT_Biognosys	y	1	6	light
669.8380594	928.4159221	29	19469_TPVISGGPYEYR_2	-1	10000	1796_TPVISGGPYEYR_2	0	TPVISGGPYEYR	1/iRT|iRT_Biognosys|iRT_Biognosys	y8/-0.002	TPVISGGPYEYR	2	1796_TPVISGGPYEYR_2	1/iRT|iRT_Biognosys|iRT_Biognosys	y	1	8	light
669.8380594	1041.499986	29	19472_TPVISGGPYEYR_2	-1	6165.7	1796_TPVISGGPYEYR_2	0	TPVISGGPYEYR	1/iRT|iRT_Biognosys|iRT_Biognosys	y9/0.002	TPVISGGPYEYR	2	1796_TPVISGGPYEYR_2	1/iRT|iRT_Biognosys|iRT_Biognosys	y	1	9	light
669.8380594	841.3838937	29	19468_TPVISGGPYEYR_2	-1	3269.9	1796_TPVISGGPYEYR_2	0	TPVISGGPYEYR	1/iRT|iRT_Biognosys|iRT_Biognosys	y7/0.001	TPVISGGPYEYR	2	1796_TPVISGGPYEYR_2	1/iRT|iRT_Biognosys|iRT_Biognosys	y	1	7	light
669.8380594	1140.5684	29	19473_TPVISGGPYEYR_2	-1	1775.8	1796_TPVISGGPYEYR_2	0	TPVISGGPYEYR	1/iRT|iRT_Biognosys|iRT_Biognosys	y10/-0.001	TPVISGGPYEYR	2	1796_TPVISGGPYEYR_2	1/iRT|iRT_Biognosys|iRT_Biognosys	y	1	10	light
669.8380594	411.2601967	29	19460_TPVISGGPYEYR_2	-1	1608.1	1796_TPVISGGPYEYR_2	0	TPVISGGPYEYR	1/iRT|iRT_Biognosys|iRT_Biognosys	b4/-0.002	TPVISGGPYEYR	2	1796_TPVISGGPYEYR_2	1/iRT|iRT_Biognosys|iRT_Biognosys	b	1	4	light
669.8380594	784.36243	29	19466_TPVISGGPYEYR_2	-1	997.7	1796_TPVISGGPYEYR_2	0	TPVISGGPYEYR	1/iRT|iRT_Biognosys|iRT_Biognosys	y6/-0.000	TPVISGGPYEYR	2	1796_TPVISGGPYEYR_2	1/iRT|iRT_Biognosys|iRT_Biognosys	y	1	6	light
683.8537095	956.4472222	33.6	19488_TPVITGAPYEYR_2	-1	10000	1797_TPVITGAPYEYR_2	0	TPVITGAPYEYR	1/iRT|iRT_Biognosys|iRT_Biognosys	y8/0.000	TPVITGAPYEYR	2	1797_TPVITGAPYEYR_2	1/iRT|iRT_Biognosys|iRT_Biognosys	y	1	8	light
683.8537095	855.3995438	33.6	19487_TPVITGAPYEYR_2	-1	4975.7	1797_TPVITGAPYEYR_2	0	TPVITGAPYEYR	1/iRT|iRT_Biognosys|iRT_Biognosys	y7/0.001	TPVITGAPYEYR	2	1797_TPVITGAPYEYR_2	1/iRT|iRT_Biognosys|iRT_Biognosys	y	1	7	light
683.8537095	1069.531286	33.6	19492_TPVITGAPYEYR_2	-1	4967.3	1797_TPVITGAPYEYR_2	0	TPVITGAPYEYR	1/iRT|iRT_Biognosys|iRT_Biognosys	y9/-0.001	TPVITGAPYEYR	2	1797_TPVITGAPYEYR_2	1/iRT|iRT_Biognosys|iRT_Biognosys	y	1	9	light
683.8537095	727.3409663	33.6	19483_TPVITGAPYEYR_2	-1	3563.4	1797_TPVITGAPYEYR_2	0	TPVITGAPYEYR	1/iRT|iRT_Biognosys|iRT_Biognosys	y5/-0.003	TPVITGAPYEYR	2	1797_TPVITGAPYEYR_2	1/iRT|iRT_Biognosys|iRT_Biognosys	y	1	5	light
683.8537095	411.2601967	33.6	19475_TPVITGAPYEYR_2	-1	1933.4	1797_TPVITGAPYEYR_2	0	TPVITGAPYEYR	1/iRT|iRT_Biognosys|iRT_Biognosys	"b4/-0.001,m2:5/-0.001"	TPVITGAPYEYR	2	1797_TPVITGAPYEYR_2	1/iRT|iRT_Biognosys|iRT_Biognosys	b	1	4	light
683.8537095	1168.5997	33.6	19493_TPVITGAPYEYR_2	-1	1908.9	1797_TPVITGAPYEYR_2	0	TPVITGAPYEYR	1/iRT|iRT_Biognosys|iRT_Biognosys	y10/0.003	TPVITGAPYEYR	2	1797_TPVITGAPYEYR_2	1/iRT|iRT_Biognosys|iRT_Biognosys	y	1	10	light
683.8278887	819.3842876	13.1	19642_VEATFGVDESNAK_2	-1	8914.9	1811_VEATFGVDESNAK_2	0	VEATFGVDESNAK	1/iRT|iRT_Biognosys|iRT_Biognosys	"y8/-0.005,b8/-0.009"	VEATFGVDESNAK	2	1811_VEATFGVDESNAK_2	1/iRT|iRT_Biognosys|iRT_Biognosys	y	1	8	light
683.8278887	966.4527015	13.1	19645_VEATFGVDESNAK_2	-1	5081.6	1811_VEATFGVDESNAK_2	0	VEATFGVDESNAK	1/iRT|iRT_Biognosys|iRT_Biognosys	y9/-0.001	VEATFGVDESNAK	2	1811_VEATFGVDESNAK_2	1/iRT|iRT_Biognosys|iRT_Biognosys	y	1	9	light
683.8278887	1138.537494	13.1	19650_VEATFGVDESNAK_2	-1	4382.2	1811_VEATFGVDESNAK_2	0	VEATFGVDESNAK	1/iRT|iRT_Biognosys|iRT_Biognosys	y11/-0.001	VEATFGVDESNAK	2	1811_VEATFGVDESNAK_2	1/iRT|iRT_Biognosys|iRT_Biognosys	y	1	11	light
683.8278887	663.29441	13.1	19639_VEATFGVDESNAK_2	-1	4042.6	1811_VEATFGVDESNAK_2	0	VEATFGVDESNAK	1/iRT|iRT_Biognosys|iRT_Biognosys	y6/0.003	VEATFGVDESNAK	2	1811_VEATFGVDESNAK_2	1/iRT|iRT_Biognosys|iRT_Biognosys	y	1	6	light
683.8278887	1067.50038	13.1	19648_VEATFGVDESNAK_2	-1	3179.3	1811_VEATFGVDESNAK_2	0	VEATFGVDESNAK	1/iRT|iRT_Biognosys|iRT_Biognosys	y10/0.003	VEATFGVDESNAK	2	1811_VEATFGVDESNAK_2	1/iRT|iRT_Biognosys|iRT_Biognosys	y	1	10	light
683.8278887	548.267467	13.1	19636_VEATFGVDESNAK_2	-1	2414.2	1811_VEATFGVDESNAK_2	0	VEATFGVDESNAK	1/iRT|iRT_Biognosys|iRT_Biognosys	"y5/-0.000,b5/-0.004"	VEATFGVDESNAK	2	1811_VEATFGVDESNAK_2	1/iRT|iRT_Biognosys|iRT_Biognosys	y	1	5	light
547.2980388	817.4414086	22.4	21502_YILAGVENSK_2	-1	9488.2	1978_YILAGVENSK_2	0	YILAGVENSK	1/iRT|iRT_Biognosys|iRT_Biognosys	y8/-0.002	YILAGVENSK	2	1978_YILAGVENSK_2	1/iRT|iRT_Biognosys|iRT_Biognosys	y	1	8	light
547.2980388	704.3573446	22.4	21501_YILAGVENSK_2	-1	4813.1	1978_YILAGVENSK_2	0	YILAGVENSK	1/iRT|iRT_Biognosys|iRT_Biognosys	y7/-0.001	YILAGVENSK	2	1978_YILAGVENSK_2	1/iRT|iRT_Biognosys|iRT_Biognosys	y	1	7	light
547.2980388	633.3202308	22.4	21500_YILAGVENSK_2	-1	4391	1978_YILAGVENSK_2	0	YILAGVENSK	1/iRT|iRT_Biognosys|iRT_Biognosys	y6/-0.002	YILAGVENSK	2	1978_YILAGVENSK_2	1/iRT|iRT_Biognosys|iRT_Biognosys	y	1	6	light
547.2980388	390.238733	22.4	21493_YILAGVENSK_2	-1	1405.3	1978_YILAGVENSK_2	0	YILAGVENSK	1/iRT|iRT_Biognosys|iRT_Biognosys	b3/0.000	YILAGVENSK	2	1978_YILAGVENSK_2	1/iRT|iRT_Biognosys|iRT_Biognosys	b	1	3	light
547.2980388	477.2303532	22.4	21496_YILAGVENSK_2	-1	1199.4	1978_YILAGVENSK_2	0	YILAGVENSK	1/iRT|iRT_Biognosys|iRT_Biognosys	y4/0.001	YILAGVENSK	2	1978_YILAGVENSK_2	1/iRT|iRT_Biognosys|iRT_Biognosys	y	1	4	light
547.2980388	461.2758468	22.4	21495_YILAGVENSK_2	-1	629.1	1978_YILAGVENSK_2	0	YILAGVENSK	1/iRT|iRT_Biognosys|iRT_Biognosys	b4/-0.000	YILAGVENSK	2	1978_YILAGVENSK_2	1/iRT|iRT_Biognosys|iRT_Biognosys	b	1	4	light
551.8345915	824.4988639	81.2	11038_KLQNLNIFL_2	-1	10000	995_KLQNLNIFL_2	0	KLQNLNIFL	1/sp|A0AVT1|UBA6_HUMAN	b7/-0.001	KLQNLNIFL	2	995_KLQNLNIFL_2	1/sp|A0AVT1|UBA6_HUMAN	b	1	7	light
551.8345915	711.4147999	81.2	11035_KLQNLNIFL_2	-1	3319.1	995_KLQNLNIFL_2	0	KLQNLNIFL	1/sp|A0AVT1|UBA6_HUMAN	b6/-0.007	KLQNLNIFL	2	995_KLQNLNIFL_2	1/sp|A0AVT1|UBA6_HUMAN	b	1	6	light
551.8345915	971.5672778	81.2	11039_KLQNLNIFL_2	-1	1548.8	995_KLQNLNIFL_2	0	KLQNLNIFL	1/sp|A0AVT1|UBA6_HUMAN	b8/0.003	KLQNLNIFL	2	995_KLQNLNIFL_2	1/sp|A0AVT1|UBA6_HUMAN	b	1	8	light
551.8345915	486.2872772	81.2	11032_KLQNLNIFL_2	-1	1083.2	995_KLQNLNIFL_2	0	KLQNLNIFL	1/sp|A0AVT1|UBA6_HUMAN	b8^2/0.005	KLQNLNIFL	2	995_KLQNLNIFL_2	1/sp|A0AVT1|UBA6_HUMAN	b	2	8	light
551.8345915	597.3718725	81.2	11034_KLQNLNIFL_2	-1	1068.1	995_KLQNLNIFL_2	0	KLQNLNIFL	1/sp|A0AVT1|UBA6_HUMAN	b5/0.000	KLQNLNIFL	2	995_KLQNLNIFL_2	1/sp|A0AVT1|UBA6_HUMAN	b	1	5	light
551.8345915	412.7530702	81.2	11030_KLQNLNIFL_2	-1	928.3	995_KLQNLNIFL_2	0	KLQNLNIFL	1/sp|A0AVT1|UBA6_HUMAN	b7^2/-0.002	KLQNLNIFL	2	995_KLQNLNIFL_2	1/sp|A0AVT1|UBA6_HUMAN	b	2	7	light
503.2844001	817.4454313	116.4	18964_TLLDFINAV_2	-1	3698.7	1748_TLLDFINAV_2	0	TLLDFINAV	1/sp|A0AVT1|UBA6_HUMAN	b7/0.017	TLLDFINAV	2	1748_TLLDFINAV_2	1/sp|A0AVT1|UBA6_HUMAN	b	1	7	light
503.2844001	444.7449108	116.4	18960_TLLDFINAV_2	-1	3216.3	1748_TLLDFINAV_2	0	TLLDFINAV	1/sp|A0AVT1|UBA6_HUMAN	b8^2/0.001	TLLDFINAV	2	1748_TLLDFINAV_2	1/sp|A0AVT1|UBA6_HUMAN	b	2	8	light
503.2844001	590.3184399	116.4	18961_TLLDFINAV_2	-1	3082.3	1748_TLLDFINAV_2	0	TLLDFINAV	1/sp|A0AVT1|UBA6_HUMAN	b5/-0.001	TLLDFINAV	2	1748_TLLDFINAV_2	1/sp|A0AVT1|UBA6_HUMAN	b	1	5	light
503.2844001	443.250026	116.4	18959_TLLDFINAV_2	-1	3068.7	1748_TLLDFINAV_2	0	TLLDFINAV	1/sp|A0AVT1|UBA6_HUMAN	b4/0.001	TLLDFINAV	2	1748_TLLDFINAV_2	1/sp|A0AVT1|UBA6_HUMAN	b	1	4	light
503.2844001	888.4825451	116.4	18965_TLLDFINAV_2	-1	2710.9	1748_TLLDFINAV_2	0	TLLDFINAV	1/sp|A0AVT1|UBA6_HUMAN	b8/-0.012	TLLDFINAV	2	1748_TLLDFINAV_2	1/sp|A0AVT1|UBA6_HUMAN	b	1	8	light
503.2844001	703.4025039	116.4	18962_TLLDFINAV_2	-1	2579.2	1748_TLLDFINAV_2	0	TLLDFINAV	1/sp|A0AVT1|UBA6_HUMAN	b6/0.001	TLLDFINAV	2	1748_TLLDFINAV_2	1/sp|A0AVT1|UBA6_HUMAN	b	1	6	light
518.8293091	810.4832138	9.7	8739_ILVKHLTNV_2	-1	1341.7	789_ILVKHLTNV_2	0	ILVKHLTNV	1/sp|A1A4S6|RHG10_HUMAN	y7/-0.003	ILVKHLTNV	2	789_ILVKHLTNV_2	1/sp|A1A4S6|RHG10_HUMAN	y	1	7	light
518.8293091	460.2898198	9.7	8732_ILVKHLTNV_2	-1	679.6	789_ILVKHLTNV_2	0	ILVKHLTNV	1/sp|A1A4S6|RHG10_HUMAN	b8^2/0.003	ILVKHLTNV	2	789_ILVKHLTNV_2	1/sp|A1A4S6|RHG10_HUMAN	b	2	8	light
518.8293091	711.4147999	9.7	8737_ILVKHLTNV_2	-1	560.9	789_ILVKHLTNV_2	0	ILVKHLTNV	1/sp|A1A4S6|RHG10_HUMAN	y6/0.008	ILVKHLTNV	2	789_ILVKHLTNV_2	1/sp|A1A4S6|RHG10_HUMAN	y	1	6	light
518.8293091	704.4817573	9.7	8736_ILVKHLTNV_2	-1	489.8	789_ILVKHLTNV_2	0	ILVKHLTNV	1/sp|A1A4S6|RHG10_HUMAN	b6/-0.005	ILVKHLTNV	2	789_ILVKHLTNV_2	1/sp|A1A4S6|RHG10_HUMAN	b	1	6	light
518.8293091	462.2872772	9.7	8733_ILVKHLTNV_2	-1	409.1	789_ILVKHLTNV_2	0	ILVKHLTNV	1/sp|A1A4S6|RHG10_HUMAN	y8^2/-0.002	ILVKHLTNV	2	789_ILVKHLTNV_2	1/sp|A1A4S6|RHG10_HUMAN	y	2	8	light
518.8293091	805.5294357	9.7	8738_ILVKHLTNV_2	-1	354.3	789_ILVKHLTNV_2	0	ILVKHLTNV	1/sp|A1A4S6|RHG10_HUMAN	b7/0.010	ILVKHLTNV	2	789_ILVKHLTNV_2	1/sp|A1A4S6|RHG10_HUMAN	b	1	7	light
466.7673317	659.3585306	114.1	4206_FLMPGLAAL_2	-1	7697.6	379_FLMPGLAAL_2	0	FLMPGLAAL	1/sp|A1A5C7|S22AN_HUMAN	b6/-0.007	FLMPGLAAL	2	379_FLMPGLAAL_2	1/sp|A1A5C7|S22AN_HUMAN	b	1	6	light
466.7673317	730.3956444	114.1	4208_FLMPGLAAL_2	-1	7362.7	379_FLMPGLAAL_2	0	FLMPGLAAL	1/sp|A1A5C7|S22AN_HUMAN	b7/0.002	FLMPGLAAL	2	379_FLMPGLAAL_2	1/sp|A1A5C7|S22AN_HUMAN	b	1	7	light
466.7673317	541.3344243	114.1	4204_FLMPGLAAL_2	-1	6254.7	379_FLMPGLAAL_2	0	FLMPGLAAL	1/sp|A1A5C7|S22AN_HUMAN	y6/0.000	FLMPGLAAL	2	379_FLMPGLAAL_2	1/sp|A1A5C7|S22AN_HUMAN	y	1	6	light
466.7673317	801.4327582	114.1	4210_FLMPGLAAL_2	-1	6049	379_FLMPGLAAL_2	0	FLMPGLAAL	1/sp|A1A5C7|S22AN_HUMAN	b8/-0.001	FLMPGLAAL	2	379_FLMPGLAAL_2	1/sp|A1A5C7|S22AN_HUMAN	b	1	8	light
466.7673317	365.7014604	114.1	4200_FLMPGLAAL_2	-1	4077.5	379_FLMPGLAAL_2	0	FLMPGLAAL	1/sp|A1A5C7|S22AN_HUMAN	b7^2/-0.002	FLMPGLAAL	2	379_FLMPGLAAL_2	1/sp|A1A5C7|S22AN_HUMAN	b	2	7	light
466.7673317	392.200239	114.1	4201_FLMPGLAAL_2	-1	3568.6	379_FLMPGLAAL_2	0	FLMPGLAAL	1/sp|A1A5C7|S22AN_HUMAN	b3/0.004	FLMPGLAAL	2	379_FLMPGLAAL_2	1/sp|A1A5C7|S22AN_HUMAN	b	1	3	light
646.8131957	847.3654664	71.5	21138_VMQDPEFLQSV_2	-1	2596.1	1943_VMQDPEFLQSV_2	0	VMQDPEFLQSV	1/sp|A2A3N6|PIPSL_HUMAN	b7/-0.005	VMQDPEFLQSV	2	1943_VMQDPEFLQSV_2	1/sp|A2A3N6|PIPSL_HUMAN	b	1	7	light
646.8131957	474.2016956	71.5	21135_VMQDPEFLQSV_2	-1	1894.7	1943_VMQDPEFLQSV_2	0	VMQDPEFLQSV	1/sp|A2A3N6|PIPSL_HUMAN	b4/0.003	VMQDPEFLQSV	2	1943_VMQDPEFLQSV_2	1/sp|A2A3N6|PIPSL_HUMAN	b	1	4	light
646.8131957	1088.508108	71.5	21140_VMQDPEFLQSV_2	-1	1358.3	1943_VMQDPEFLQSV_2	0	VMQDPEFLQSV	1/sp|A2A3N6|PIPSL_HUMAN	b9/0.009	VMQDPEFLQSV	2	1943_VMQDPEFLQSV_2	1/sp|A2A3N6|PIPSL_HUMAN	b	1	9	light
646.8131957	359.1747525	71.5	21132_VMQDPEFLQSV_2	-1	1242.6	1943_VMQDPEFLQSV_2	0	VMQDPEFLQSV	1/sp|A2A3N6|PIPSL_HUMAN	b3/0.001	VMQDPEFLQSV	2	1943_VMQDPEFLQSV_2	1/sp|A2A3N6|PIPSL_HUMAN	b	1	3	light
646.8131957	960.4495304	71.5	21139_VMQDPEFLQSV_2	-1	1240.2	1943_VMQDPEFLQSV_2	0	VMQDPEFLQSV	1/sp|A2A3N6|PIPSL_HUMAN	b8/0.016	VMQDPEFLQSV	2	1943_VMQDPEFLQSV_2	1/sp|A2A3N6|PIPSL_HUMAN	b	1	8	light
646.8131957	446.260925	71.5	21133_VMQDPEFLQSV_2	-1	1240.2	1943_VMQDPEFLQSV_2	0	VMQDPEFLQSV	1/sp|A2A3N6|PIPSL_HUMAN	y4/-0.016	VMQDPEFLQSV	2	1943_VMQDPEFLQSV_2	1/sp|A2A3N6|PIPSL_HUMAN	y	1	4	light
467.7658432	803.4297813	100	1813_ALVESVFGL_2	-1	4467	165_ALVESVFGL_2	0	ALVESVFGL	1/sp|A2RU49|HYKK_HUMAN	b8/-0.009	ALVESVFGL	2	165_ALVESVFGL_2	1/sp|A2RU49|HYKK_HUMAN	b	1	8	light
467.7658432	746.4083175	100	1812_ALVESVFGL_2	-1	3908.6	165_ALVESVFGL_2	0	ALVESVFGL	1/sp|A2RU49|HYKK_HUMAN	b7/0.004	ALVESVFGL	2	165_ALVESVFGL_2	1/sp|A2RU49|HYKK_HUMAN	b	1	7	light
467.7658432	522.2922251	100	1810_ALVESVFGL_2	-1	3204.4	165_ALVESVFGL_2	0	ALVESVFGL	1/sp|A2RU49|HYKK_HUMAN	y5/0.011	ALVESVFGL	2	165_ALVESVFGL_2	1/sp|A2RU49|HYKK_HUMAN	y	1	5	light
467.7658432	402.2185289	100	1807_ALVESVFGL_2	-1	2487.4	165_ALVESVFGL_2	0	ALVESVFGL	1/sp|A2RU49|HYKK_HUMAN	b8^2/-0.007	ALVESVFGL	2	165_ALVESVFGL_2	1/sp|A2RU49|HYKK_HUMAN	b	2	8	light
568.3252107	875.5059231	96.1	14624_PLM(UniMod:35)LPPPLEL_2	-1	10000	1347_PLM(UniMod:35)LPPPLEL_2	0	PLMLPPPLEL	1/sp|A6NNC1|P12LL_HUMAN	b8/0.012	PLM(UniMod:35)LPPPLEL	2	1347_PLM(UniMod:35)LPPPLEL_2	1/sp|A6NNC1|P12LL_HUMAN	b	1	8	light
568.3252107	665.3868538	96.1	14622_PLM(UniMod:35)LPPPLEL_2	-1	7462.1	1347_PLM(UniMod:35)LPPPLEL_2	0	PLMLPPPLEL	1/sp|A6NNC1|P12LL_HUMAN	y6/0.003	PLM(UniMod:35)LPPPLEL	2	1347_PLM(UniMod:35)LPPPLEL_2	1/sp|A6NNC1|P12LL_HUMAN	y	1	6	light
568.3252107	502.7778963	96.1	14617_PLM(UniMod:35)LPPPLEL_2	-1	4171.5	1347_PLM(UniMod:35)LPPPLEL_2	0	PLMLPPPLEL	1/sp|A6NNC1|P12LL_HUMAN	b9^2/0.009	PLM(UniMod:35)LPPPLEL	2	1347_PLM(UniMod:35)LPPPLEL_2	1/sp|A6NNC1|P12LL_HUMAN	b	2	9	light
568.3252107	1004.548516	96.1	14625_PLM(UniMod:35)LPPPLEL_2	-1	3541.7	1347_PLM(UniMod:35)LPPPLEL_2	0	PLMLPPPLEL	1/sp|A6NNC1|P12LL_HUMAN	b9/-0.005	PLM(UniMod:35)LPPPLEL	2	1347_PLM(UniMod:35)LPPPLEL_2	1/sp|A6NNC1|P12LL_HUMAN	b	1	9	light
568.3252107	471.2813261	96.1	14615_PLM(UniMod:35)LPPPLEL_2	-1	3106.1	1347_PLM(UniMod:35)LPPPLEL_2	0	PLMLPPPLEL	1/sp|A6NNC1|P12LL_HUMAN	y4/0.000,b4/0.018,m2:5/0.018	PLM(UniMod:35)LPPPLEL	2	1347_PLM(UniMod:35)LPPPLEL_2	1/sp|A6NNC1|P12LL_HUMAN	y	1	4	light
568.3252107	381.7145678	96.1	14613_PLM(UniMod:35)LPPPLEL_2	-1	2668.2	1347_PLM(UniMod:35)LPPPLEL_2	0	PLMLPPPLEL	1/sp|A6NNC1|P12LL_HUMAN	b7^2/0.001	PLM(UniMod:35)LPPPLEL	2	1347_PLM(UniMod:35)LPPPLEL_2	1/sp|A6NNC1|P12LL_HUMAN	b	2	7	light
